"Means Treated","Means Control","Std. Mean Diff.","Var. Ratio","eCDF Mean","eCDF Max","Std. Pair Dist."
0.729731465173846,0.0787396518806156,2.46821962627522,2.23553738226379,0.468291125771441,0.894232815492658,NA
168.135135135135,172.543307086614,-0.173495687835527,1.16372003849079,0.037403702915514,0.101510959778676,NA
0.513513513513513,0.716535433070866,-0.406192219839232,NA,0.203021919557353,0.203021919557353,NA
29.3502138307764,50.3545149821408,-3.55541779762973,0.270774638376339,0.465098957224942,0.882953819961694,NA
