"","Means Treated","Means Control","Std. Mean Diff.","Var. Ratio","eCDF Mean","eCDF Max","Std. Pair Dist."
"distance",0.307003749781948,0.302741599952395,0.0411565431130436,1.14703502607476,0.0144230769230769,0.0769230769230769,0.0557756325330752
"urbanizationrural",0.423076923076923,0.5,-0.155699788832305,NA,0.0769230769230769,0.0769230769230769,0.778498944161523
"urbanizationsemi rural",0.230769230769231,0.153846153846154,0.182574185835055,NA,0.0769230769230769,0.0769230769230769,0.730296743340222
"urbanizationurban",0.346153846153846,0.346153846153846,0,NA,0,0,0.538461538461539
"poverty",69.0173076923077,69.66,-0.0605454216939096,1.33311071032024,0.110931174089069,0.307692307692308,1.0802158330105
"primary_schools",8.26923076923077,8.19230769230769,0.0649049675684737,0.566026038437694,0.0923076923076923,0.153846153846154,0.908669545958614
"enrollment",122.093076923077,125.892692307692,-0.139522565840156,0.998028199002985,0.0931174089068826,0.192307692307692,1.26338608434367
"other_characteristic",3.46153846153846,3.46153846153846,0,0.947686116700201,0.0256410256410256,0.0769230769230769,1.61538461538462
