"","Means Treated","Means Control","Std. Mean Diff.","Var. Ratio","eCDF Mean","eCDF Max","Std. Pair Dist."
"distance",0.736129331910888,0.262683139009125,1.77723570177075,1.19081681345661,0.371193978788916,0.648648648648649,1.77723570177075
"standard3",168.135135135135,172.513513513514,-0.172323080116257,1.03801294540573,0.0520142784293728,0.189189189189189,1.1126539617383
"remoteness",0.513513513513513,0.189189189189189,0.64888568452305,NA,0.324324324324324,0.324324324324324,0.8651809126974
"student_teacher_ratio",29.3502138307764,38.0488515482812,-1.47242658220699,0.947719726683927,0.322271638727335,0.540540540540541,1.47242658220699
