"","Means Treated","Means Control","Std. Mean Diff.","Var. Ratio","eCDF Mean","eCDF Max","Std. Pair Dist."
"distance",0.307003749781948,0.257398607223854,0.479001506273828,1.10897047015383,0.153296703296703,0.317582417582418,NA
"urbanizationrural",0.423076923076923,0.342857142857143,0.162372636925118,NA,0.0802197802197802,0.0802197802197802,NA
"urbanizationsemi rural",0.230769230769231,0.228571428571429,0.00521640530957306,NA,0.00219780219780222,0.00219780219780222,NA
"urbanizationurban",0.346153846153846,0.428571428571429,-0.173239732168809,NA,0.0824175824175824,0.0824175824175824,NA
"poverty",69.0173076923077,71.0772857142857,-0.194062129775104,1.23882193338454,0.102857142857143,0.283516483516484,NA
"primary_schools",8.26923076923077,7.85714285714286,0.347705183402532,0.581843251088534,0.112307692307692,0.208791208791209,NA
"enrollment",122.093076923077,123.575142857143,-0.0544217298157137,1.12280451525158,0.0583574320416426,0.154945054945055,NA
"other_characteristic",3.46153846153846,3.97142857142857,-0.299497235034358,0.917643499657134,0.098901098901099,0.17032967032967,NA
