"","Means Treated","Means Control","Std. Mean Diff.","Var. Ratio","eCDF Mean","eCDF Max","Std. Pair Dist."
"distance",0.28930083728409,0.282956357339903,0.0314870191663986,1.00508560532746,0.0020083055347539,0.0810810810810811,0.0605367918793749
"standard3",168.135135135135,166.837837837838,0.0510586904048166,1.00463827311367,0.0410146989094358,0.216216216216216,1.17860477017785
"remoteness",0.513513513513513,0.513513513513513,0,NA,0,0,0.378378378378378
"student_teacher_ratio",29.3502138307764,29.6619369706728,-0.0527656688758002,0.694888751535782,0.0191980393491729,0.108108108108108,0.562578644453217
