"","Means Treated","Means Control","Std. Mean Diff.","Var. Ratio","eCDF Mean","eCDF Max","Std. Pair Dist."
"distance",0.541116540761474,0.428649464578543,0.5806289893539,1.74664446263692,0.160839160839161,0.384615384615385,0.5806289893539
"urbanizationrural",0.423076923076923,0.153846153846154,0.544949260913066,NA,0.269230769230769,0.269230769230769,0.544949260913066
"urbanizationsemi rural",0.230769230769231,0.346153846153846,-0.273861278752583,NA,0.115384615384615,0.115384615384615,1.0041580220928
"urbanizationurban",0.346153846153846,0.5,-0.323380833381777,NA,0.153846153846154,0.153846153846154,0.970142500145332
"poverty",69.0173076923077,67.1523076923077,0.175694045358332,0.593927046191869,0.0682148040638607,0.230769230769231,1.28826598942369
"primary_schools",8.26923076923077,8,0.227167386489654,0.924089068825911,0.0538461538461538,0.115384615384615,1.00602699731132
"enrollment",122.093076923077,124.663461538462,-0.0943849891193197,1.27316554105848,0.0538461538461538,0.153846153846154,0.824636410248087
"other_characteristic",3.46153846153846,3.34615384615385,0.0677741587901025,0.711211778029445,0.0576923076923077,0.230769230769231,1.19734347195848
